{
  "run_name": "EEGNet_FCN_ds004504_v3",
  "train_windows": 4203,
  "eval_windows": 1024,
  "train_counts": {
    "0": 1891,
    "1": 2312
  },
  "train_time_sec": 454.26561093330383,
  "augmentation": true,
  "label_smoothing": 0.05,
  "best_p1_bal_acc": 0.8902609622143272,
  "best_p2_bal_acc": 0.8879805610170206,
  "best_p3_bal_acc": 0.8914433214905775,
  "model_params": {
    "base_params": 94333,
    "fcn_params": 132804,
    "total_params": 227137
  },
  "window_eval": {
    "loss": 0.412647339515388,
    "acc": 0.8857421875,
    "bal_acc": 0.8914433214905775,
    "macro_f1": 0.8856845160570088,
    "gate_mean": 0.35631561279296875,
    "classification_report": {
      "CN(0)": {
        "precision": 0.8157894736842105,
        "recall": 0.9748427672955975,
        "f1-score": 0.8882521489971347,
        "support": 477.0
      },
      "AD(1)": {
        "precision": 0.973568281938326,
        "recall": 0.8080438756855576,
        "f1-score": 0.8831168831168831,
        "support": 547.0
      },
      "accuracy": 0.8857421875,
      "macro avg": {
        "precision": 0.8946788778112682,
        "recall": 0.8914433214905775,
        "f1-score": 0.8856845160570088,
        "support": 1024.0
      },
      "weighted avg": {
        "precision": 0.9000717081715164,
        "recall": 0.8857421875,
        "f1-score": 0.8855089942739924,
        "support": 1024.0
      }
    },
    "confusion_matrix": [
      [
        465,
        12
      ],
      [
        105,
        442
      ]
    ]
  },
  "subject_eval": {
    "n_subjects": 13,
    "acc": 0.9230769230769231,
    "bal_acc": 0.9285714285714286,
    "macro_f1": 0.9230769230769231,
    "classification_report": {
      "CN(0)": {
        "precision": 0.8571428571428571,
        "recall": 1.0,
        "f1-score": 0.9230769230769231,
        "support": 6.0
      },
      "AD(1)": {
        "precision": 1.0,
        "recall": 0.8571428571428571,
        "f1-score": 0.9230769230769231,
        "support": 7.0
      },
      "accuracy": 0.9230769230769231,
      "macro avg": {
        "precision": 0.9285714285714286,
        "recall": 0.9285714285714286,
        "f1-score": 0.9230769230769231,
        "support": 13.0
      },
      "weighted avg": {
        "precision": 0.9340659340659341,
        "recall": 0.9230769230769231,
        "f1-score": 0.9230769230769231,
        "support": 13.0
      }
    },
    "confusion_matrix": [
      [
        6,
        0
      ],
      [
        1,
        6
      ]
    ]
  }
}