{
  "run_name": "EEGNet_Teecnet_4504_v4",
  "tag": "ds004504_AD_CN_derivatives",
  "version": "v4",
  "train_time_sec": 1836.91770195961,
  "train_windows": 16941,
  "eval_windows": 4128,
  "total_parameters": 74770,
  "trainable_parameters": 74770,
  "final_val_loss": 0.44816250140352765,
  "final_val_acc": 0.812015503875969,
  "final_val_balanced_acc": 0.8051600827560441,
  "final_val_macro_f1": 0.8073856289637338,
  "best_val_balanced_acc": 0.8051600827560441,
  "classification_report": {
    "CN(0)": {
      "precision": 0.8659003831417624,
      "recall": 0.7055150884495317,
      "f1-score": 0.7775229357798165,
      "support": 1922.0
    },
    "AD(1)": {
      "precision": 0.7790788446526151,
      "recall": 0.9048050770625566,
      "f1-score": 0.837248322147651,
      "support": 2206.0
    },
    "accuracy": 0.812015503875969,
    "macro avg": {
      "precision": 0.8224896138971888,
      "recall": 0.8051600827560441,
      "f1-score": 0.8073856289637338,
      "support": 4128.0
    },
    "weighted avg": {
      "precision": 0.8195030202766803,
      "recall": 0.812015503875969,
      "f1-score": 0.8094401359560381,
      "support": 4128.0
    }
  },
  "confusion_matrix": [
    [
      1356,
      566
    ],
    [
      210,
      1996
    ]
  ]
}