{
  "run_name": "deepercnn1d_ds004504_AD_CN_derivatives_20260226_131952",
  "tag": "ds004504_AD_CN_derivatives",
  "train_time_sec": 464.15310978889465,
  "train_windows": 8482,
  "eval_windows": 2068,
  "final_val_loss": 0.7486000906108792,
  "final_val_acc": 0.8288201160541586,
  "final_val_balanced_acc": 0.8256739168228998,
  "final_val_macro_f1": 0.8270020417422868,
  "best_val_balanced_acc": 0.8256739168228998,
  "classification_report": {
    "CN(0)": {
      "precision": 0.8409854423292273,
      "recall": 0.7798546209761164,
      "f1-score": 0.8092672413793104,
      "support": 963.0
    },
    "AD(1)": {
      "precision": 0.8195744680851064,
      "recall": 0.8714932126696833,
      "f1-score": 0.8447368421052631,
      "support": 1105.0
    },
    "accuracy": 0.8288201160541586,
    "macro avg": {
      "precision": 0.8302799552071669,
      "recall": 0.8256739168228998,
      "f1-score": 0.8270020417422868,
      "support": 2068.0
    },
    "weighted avg": {
      "precision": 0.8295448588960775,
      "recall": 0.8288201160541586,
      "f1-score": 0.8282198084983519,
      "support": 2068.0
    }
  },
  "confusion_matrix": [
    [
      751,
      212
    ],
    [
      142,
      963
    ]
  ],
  "total_params": 11155650,
  "trainable_params": 11155650
}