{
  "run_name": "EEGNet_ECN_v5",
  "n_splits": 5,
  "n_subjects_total": 65,
  "n_windows_total": 5227,
  "model_name": "ImprovedEEGNet+ImprovedFeatureCorrectionNetwork",
  "folds": [
    {
      "fold": 1,
      "train_subjects": 52,
      "val_subjects": 13,
      "train_windows": 4169,
      "val_windows": 1058,
      "base_train_time_sec": 638.0790972709656,
      "ecn_train_time_sec": 118.31444072723389,
      "best_base_subject_balacc_during_training": 0.9,
      "best_ecn_subject_balacc_during_training": 0.9,
      "window_loss": 1.1358341121630626,
      "window_acc": 0.8648393194706995,
      "window_bal_acc": 0.8330781658716726,
      "window_macro_f1": 0.8470299066875757,
      "subject_metrics": {
        "acc": 0.9230769230769231,
        "balanced_acc": 0.9,
        "macro_f1": 0.9150326797385621,
        "cm": [
          [
            4,
            1
          ],
          [
            0,
            8
          ]
        ],
        "report": {
          "CN(0)": {
            "precision": 1.0,
            "recall": 0.8,
            "f1-score": 0.8888888888888888,
            "support": 5.0
          },
          "AD(1)": {
            "precision": 0.8888888888888888,
            "recall": 1.0,
            "f1-score": 0.9411764705882353,
            "support": 8.0
          },
          "accuracy": 0.9230769230769231,
          "macro avg": {
            "precision": 0.9444444444444444,
            "recall": 0.9,
            "f1-score": 0.9150326797385621,
            "support": 13.0
          },
          "weighted avg": {
            "precision": 0.9316239316239316,
            "recall": 0.9230769230769231,
            "f1-score": 0.9210658622423329,
            "support": 13.0
          }
        },
        "n_subjects": 13
      },
      "confusion_matrix_window": [
        [
          277,
          111
        ],
        [
          32,
          638
        ]
      ],
      "classification_report_window": {
        "CN(0)": {
          "precision": 0.8964401294498382,
          "recall": 0.7139175257731959,
          "f1-score": 0.7948350071736011,
          "support": 388.0
        },
        "AD(1)": {
          "precision": 0.8518024032042724,
          "recall": 0.9522388059701492,
          "f1-score": 0.8992248062015504,
          "support": 670.0
        },
        "accuracy": 0.8648393194706995,
        "macro avg": {
          "precision": 0.8741212663270552,
          "recall": 0.8330781658716726,
          "f1-score": 0.8470299066875757,
          "support": 1058.0
        },
        "weighted avg": {
          "precision": 0.8681723822054818,
          "recall": 0.8648393194706995,
          "f1-score": 0.8609419687508468,
          "support": 1058.0
        }
      },
      "base_n_params": 94333,
      "ecn_n_params": 132804
    },
    {
      "fold": 2,
      "train_subjects": 52,
      "val_subjects": 13,
      "train_windows": 4189,
      "val_windows": 1038,
      "base_train_time_sec": 166.13900423049927,
      "ecn_train_time_sec": 156.73263502120972,
      "best_base_subject_balacc_during_training": 1.0,
      "best_ecn_subject_balacc_during_training": 1.0,
      "window_loss": 0.7082897392325893,
      "window_acc": 0.825626204238921,
      "window_bal_acc": 0.8254525593008739,
      "window_macro_f1": 0.8254705369244104,
      "subject_metrics": {
        "acc": 1.0,
        "balanced_acc": 1.0,
        "macro_f1": 1.0,
        "cm": [
          [
            6,
            0
          ],
          [
            0,
            7
          ]
        ],
        "report": {
          "CN(0)": {
            "precision": 1.0,
            "recall": 1.0,
            "f1-score": 1.0,
            "support": 6.0
          },
          "AD(1)": {
            "precision": 1.0,
            "recall": 1.0,
            "f1-score": 1.0,
            "support": 7.0
          },
          "accuracy": 1.0,
          "macro avg": {
            "precision": 1.0,
            "recall": 1.0,
            "f1-score": 1.0,
            "support": 13.0
          },
          "weighted avg": {
            "precision": 1.0,
            "recall": 1.0,
            "f1-score": 1.0,
            "support": 13.0
          }
        },
        "n_subjects": 13
      },
      "confusion_matrix_window": [
        [
          413,
          91
        ],
        [
          90,
          444
        ]
      ],
      "classification_report_window": {
        "CN(0)": {
          "precision": 0.8210735586481114,
          "recall": 0.8194444444444444,
          "f1-score": 0.82025819265144,
          "support": 504.0
        },
        "AD(1)": {
          "precision": 0.8299065420560747,
          "recall": 0.8314606741573034,
          "f1-score": 0.8306828811973808,
          "support": 534.0
        },
        "accuracy": 0.825626204238921,
        "macro avg": {
          "precision": 0.825490050352093,
          "recall": 0.8254525593008739,
          "f1-score": 0.8254705369244104,
          "support": 1038.0
        },
        "weighted avg": {
          "precision": 0.8256176946209942,
          "recall": 0.825626204238921,
          "f1-score": 0.8256211827126465,
          "support": 1038.0
        }
      },
      "base_n_params": 94333,
      "ecn_n_params": 132804
    },
    {
      "fold": 3,
      "train_subjects": 52,
      "val_subjects": 13,
      "train_windows": 4151,
      "val_windows": 1076,
      "base_train_time_sec": 163.9114761352539,
      "ecn_train_time_sec": 99.87234783172607,
      "best_base_subject_balacc_during_training": 1.0,
      "best_ecn_subject_balacc_during_training": 1.0,
      "window_loss": 0.3382758850912948,
      "window_acc": 0.8894052044609665,
      "window_bal_acc": 0.8904265201674211,
      "window_macro_f1": 0.8889747304877277,
      "subject_metrics": {
        "acc": 1.0,
        "balanced_acc": 1.0,
        "macro_f1": 1.0,
        "cm": [
          [
            6,
            0
          ],
          [
            0,
            7
          ]
        ],
        "report": {
          "CN(0)": {
            "precision": 1.0,
            "recall": 1.0,
            "f1-score": 1.0,
            "support": 6.0
          },
          "AD(1)": {
            "precision": 1.0,
            "recall": 1.0,
            "f1-score": 1.0,
            "support": 7.0
          },
          "accuracy": 1.0,
          "macro avg": {
            "precision": 1.0,
            "recall": 1.0,
            "f1-score": 1.0,
            "support": 13.0
          },
          "weighted avg": {
            "precision": 1.0,
            "recall": 1.0,
            "f1-score": 1.0,
            "support": 13.0
          }
        },
        "n_subjects": 13
      },
      "confusion_matrix_window": [
        [
          445,
          48
        ],
        [
          71,
          512
        ]
      ],
      "classification_report_window": {
        "CN(0)": {
          "precision": 0.8624031007751938,
          "recall": 0.9026369168356998,
          "f1-score": 0.8820614469772051,
          "support": 493.0
        },
        "AD(1)": {
          "precision": 0.9142857142857143,
          "recall": 0.8782161234991424,
          "f1-score": 0.8958880139982502,
          "support": 583.0
        },
        "accuracy": 0.8894052044609665,
        "macro avg": {
          "precision": 0.8883444075304541,
          "recall": 0.8904265201674211,
          "f1-score": 0.8889747304877277,
          "support": 1076.0
        },
        "weighted avg": {
          "precision": 0.8905142194337751,
          "recall": 0.8894052044609665,
          "f1-score": 0.8895529791084964,
          "support": 1076.0
        }
      },
      "base_n_params": 94333,
      "ecn_n_params": 132804
    },
    {
      "fold": 4,
      "train_subjects": 52,
      "val_subjects": 13,
      "train_windows": 4162,
      "val_windows": 1065,
      "base_train_time_sec": 168.14989733695984,
      "ecn_train_time_sec": 163.5489044189453,