{
  "run_id": "EEGNet_Teecnet_4504_ds004504_AD_CN_derivatives_20260226_153023",
  "tag": "ds004504_AD_CN_derivatives",
  "train_time_sec": 124.51447367668152,
  "train_windows": 8482,
  "eval_windows": 2068,
  "final_val_loss": 0.28235772056090763,
  "final_val_acc": 0.8960348162475822,
  "final_val_balanced_acc": 0.8975773295179562,
  "final_val_macro_f1": 0.8958750725691869,
  "best_val_balanced_acc": 0.8975773295179562,
  "trainable_params": 465253,
  "classification_report": {
    "CN(0)": {
      "precision": 0.865234375,
      "recall": 0.9200415368639667,
      "f1-score": 0.8917966784096628,
      "support": 963.0
    },
    "AD(1)": {
      "precision": 0.9262452107279694,
      "recall": 0.8751131221719457,
      "f1-score": 0.899953466728711,
      "support": 1105.0
    },
    "accuracy": 0.8960348162475822,
    "macro avg": {
      "precision": 0.8957397928639848,
      "recall": 0.8975773295179562,
      "f1-score": 0.8958750725691869,
      "support": 2068.0
    },
    "weighted avg": {
      "precision": 0.8978344588875271,
      "recall": 0.8960348162475822,
      "f1-score": 0.896155117042423,
      "support": 2068.0
    }
  },
  "confusion_matrix": [
    [
      886,
      77
    ],
    [
      138,
      967
    ]
  ]
}