{
  "run_name": "eegnet_gnn_teecn_ds004504_AD_CN_derivatives_20260302_163549",
  "tag": "ds004504_AD_CN_derivatives",
  "train_time_sec": 252.28135061264038,
  "train_windows": 8482,
  "eval_windows": 2068,
  "final_val_loss": 0.39308447642990424,
  "final_val_acc": 0.8457446808510638,
  "final_val_balanced_acc": 0.84231168623692,
  "final_val_macro_f1": 0.843929882336798,
  "best_val_balanced_acc": 0.84231168623692,
  "classification_report": {
    "CN(0)": {
      "precision": 0.8650793650793651,
      "recall": 0.7923156801661475,
      "f1-score": 0.82710027100271,
      "support": 963.0
    },
    "AD(1)": {
      "precision": 0.8313659359190556,
      "recall": 0.8923076923076924,
      "f1-score": 0.8607594936708861,
      "support": 1105.0
    },
    "accuracy": 0.8457446808510638,
    "macro avg": {
      "precision": 0.8482226504992103,
      "recall": 0.84231168623692,
      "f1-score": 0.843929882336798,
      "support": 2068.0
    },
    "weighted avg": {
      "precision": 0.8470651778346157,
      "recall": 0.8457446808510638,
      "f1-score": 0.845085493946779,
      "support": 2068.0
    }
  },
  "confusion_matrix": [
    [
      763,
      200
    ],
    [
      119,
      986
    ]
  ]
}