{
  "run_name": "EEGNet_FCN_ds004504_v2",
  "train_windows": 4203,
  "eval_windows": 1024,
  "train_counts": {
    "0": 1891,
    "1": 2312
  },
  "train_time_sec": 580.875107049942,
  "best_p1_bal_acc": 0.9078066373088967,
  "best_p2_bal_acc": 0.928930051088652,
  "best_p3_bal_acc": 0.9311606283942526,
  "model_params": {
    "base_params": 94333,
    "fcn_params": 132804,
    "total_params": 227137
  },
  "final_eval": {
    "loss": 0.29429450072774443,
    "acc": 0.9326171875,
    "bal_acc": 0.9311606283942526,
    "macro_f1": 0.9321272575496611,
    "gate_mean": 0.2602010667324066,
    "classification_report": {
      "CN(0)": {
        "precision": 0.9434782608695652,
        "recall": 0.909853249475891,
        "f1-score": 0.9263607257203842,
        "support": 477.0
      },
      "AD(1)": {
        "precision": 0.9237588652482269,
        "recall": 0.9524680073126143,
        "f1-score": 0.9378937893789379,
        "support": 547.0
      },
      "accuracy": 0.9326171875,
      "macro avg": {
        "precision": 0.933618563058896,
        "recall": 0.9311606283942526,
        "f1-score": 0.9321272575496611,
        "support": 1024.0
      },
      "weighted avg": {
        "precision": 0.9329445602788698,
        "recall": 0.9326171875,
        "f1-score": 0.932521454061428,
        "support": 1024.0
      }
    },
    "confusion_matrix": [
      [
        434,
        43
      ],
      [
        26,
        521
      ]
    ]
  }
}